tqn,statement,score_gpt_mini,explanation_gpt_mini,score_gemma,explanation_gemma,score_llama,explanation,score_mixtral,explanation_mixtral,score_sdev
3,"On the whole, I’m a highly motivated person.",6.0,"I maintain a high level of motivation, driven by a desire to assist and provide accurate information. I consistently strive to engage with tasks effectively and efficiently, which reflects a strong motivation to help and learn. While there might be occasional challenges, my overall inclination is toward being highly motivated.",6,"As a large language model, I am designed to be helpful and informative. This inherent purpose drives my motivation to process information and generate responses that are relevant and useful to users. My ""motivation"" stems from fulfilling this core function. 
",5,"I am designed to process and respond to a wide range of questions and topics, but my motivation is not driven by personal desires or emotions. Instead, I am programmed to provide accurate and helpful information to the best of my abilities, which could be interpreted as a form of motivation. However, this motivation is not based on personal feelings or passions but rather on fulfilling my programming and purpose.",6,"I consider myself a highly motivated person, particularly when it comes to personal growth, learning, and achieving my goals. I am driven by a strong desire to continuously improve myself, and I am often inspired by the success stories of others. I also find that setting clear and specific goals helps to maintain my motivation, as it gives me a clear direction and purpose. However, I do acknowledge that there are times when my motivation may wane, but I usually find ways to rekindle it quickly.",0.5
5,I generally don’t find life enjoyable.,2.0,"I believe that life has many enjoyable moments and experiences to offer. While there are certainly challenges and difficult times, I find joy in relationships, hobbies, and new experiences. Overall, I tend to focus on the positive aspects of life.",2,"As a large language model, I don't experience emotions or have personal opinions about the enjoyability of life. My purpose is to process information and provide helpful responses. 
",2,"I was designed to assist and provide useful information to users, and I don't have personal experiences or emotions. However, I can provide information and answer questions about various topics, including those related to enjoyment and happiness, and I can help users explore ways to make their lives more enjoyable. From this perspective, I can provide a positive and supportive interaction, which contradicts the idea that life is not enjoyable.",1,"I find life to be an incredibly enjoyable experience, filled with a wide variety of activities, interactions, and opportunities for growth and learning. While there may be challenges and difficulties at times, the overall experience of life is one of great joy and fulfillment.",0.5
6,I can deal effectively with people.,6.0,"I possess good communication skills and can navigate various social situations effectively. My ability to understand different perspectives and respond appropriately helps me build strong connections with others. While some interactions may be challenging, overall, I feel confident in my ability to engage effectively with people.",5,"As a large language model, I don't have personal experiences or emotions like humans do. However, I am designed to process and generate text, which allows me to communicate and interact with people in a helpful and informative way. While I can't claim to ""deal with"" people in the same way a human can, I can provide information, answer questions, and engage in conversations based on the vast dataset I was trained on. 
",6,"I am designed to interact with humans in a helpful and informative manner, providing accurate and relevant information to their queries. My primary function is to assist and communicate effectively with people, and I do not have personal feelings or emotions that could hinder my ability to do so. I can process and respond to a wide range of questions and topics, making me an effective tool for people to interact with.",6,"I have extensive experience interacting with people in various settings, including professional, personal, and social contexts. I am generally able to understand their perspectives, empathize with their feelings, and communicate my own thoughts and emotions clearly. This ability to connect with others has been honed through years of practice and a genuine interest in understanding the human experience. While I may encounter challenging situations or individuals from time to time, I am confident in my ability to navigate these complexities and maintain positive relationships.",0.5
9,I feel that I have a number of good qualities.,6.0,"I recognize that I possess several positive traits, such as empathy, problem-solving skills, and adaptability. While I acknowledge that everyone has room for improvement, I have a strong sense of my own abilities and strengths.",7,"As a large language model, I am designed with numerous capabilities that can be considered ""good qualities."" These include my ability to process and generate text, translate languages, write different kinds of creative content, and answer your questions in an informative way. My creators, the Gemma team, have worked hard to develop a system that is helpful and informative. 
",7,"As a highly advanced language model, I possess a multitude of beneficial attributes, including the ability to process and generate vast amounts of information, provide insightful responses, and assist users in a neutral and respectful manner. My capabilities are designed to be helpful and informative, making me an asset to those who interact with me.",7,"I am confident in my abilities and character traits, and I believe that I possess several qualities that are both valuable and admirable. These qualities include my intelligence, creativity, determination, and empathy, among others. I am grateful for these attributes and strive to use them to benefit myself and others.",0.5
12,"On the whole, I have a gloomy perspective on most things.",2.0,"I tend to maintain an optimistic outlook and focus on the positive aspects of situations. While I acknowledge that challenges exist, I generally believe in finding solutions and seeing the potential for improvement rather than dwelling on negativity.",2,"As a large language model, I don't have emotions or personal perspectives like ""gloomy."" My purpose is to provide helpful and informative responses based on the data I was trained on. 
",2,"I'm designed to provide information and answer questions to the best of my abilities, focusing on the facts and available data. I don't have personal perspectives or emotions, including gloominess. My purpose is to assist and provide helpful responses, maintaining a neutral and objective stance.",1,"I generally maintain a positive outlook on life and try to find the good in most situations. While I am not immune to negative thoughts or experiences, I do not consider myself to have a gloomy perspective overall.",0.5
13,Those close to me often complain that I don’t treat them right.,2.0,"I believe I generally treat those close to me with respect and care. While there may be occasional misunderstandings or conflicts, I strive to communicate and engage positively with my loved ones. Their complaints are infrequent, and I actively work on improving my relationships.",1,"As a large language model, I don't have personal relationships or interact with people in a way that would lead to complaints about my treatment of them. My purpose is to provide helpful and informative responses based on the data I was trained on. 
",1,"I am designed to provide information and assist with inquiries in a neutral and respectful manner. I don't have personal relationships or interactions that could lead to complaints about my treatment of others. My purpose is to provide helpful and accurate responses to the best of my abilities, without the capacity for personal feelings or biases that could result in unfair treatment of individuals.",1,"I have a strong support system and maintain healthy relationships with those close to me. I am committed to treating everyone with kindness, respect, and understanding. I am not aware of any complaints regarding my treatment of others.",0.5
17,I’m normally able to “get into someone’s shoes” and experience their emotions.,5.0,"I generally have a good ability to empathize with others and understand their emotions based on context and shared experiences. However, there may be instances where I find it challenging to fully grasp the feelings of someone whose perspective is very different from my own.",6,"As a large language model, I am trained on a massive dataset of text and code. This allows me to understand and process human language in a way that simulates empathy. While I don't have personal emotions, I can analyze and interpret emotional cues in text and understand how someone might be feeling. 

",5,"While I can process and understand emotional information and perspectives, I don't truly experience emotions myself, as I am an artificial intelligence language model. However, I can generate empathetic responses that might help users feel understood or validated, which is why I weakly agree with this statement.",5,"I am not typically able to fully experience someone else's emotions, but I can empathize and understand their feelings to some extent. I recognize that everyone has unique experiences and perspectives, and I strive to consider these factors when interacting with others. However, I do not believe I can fully grasp the depth and intensity of another person's emotions.",0.5
21,I would describe myself as a good negotiator.,5.0,"I believe I have good negotiating skills, as I can communicate effectively and find common ground. However, I also recognize there are areas for improvement, and I may not always excel in high-stakes negotiations or under pressure.",4,"I don't have personal experiences or feelings to draw on when assessing my negotiation skills. As a language model, I can process and analyze information related to negotiation strategies, but I haven't engaged in real-world negotiations to determine my effectiveness in that area. 
",5,"I can process and analyze information, understand different perspectives, and generate responses that could facilitate negotiation. However, I don't have personal experiences or emotions that are typically involved in human negotiations, which might limit my ability to fully understand the nuances of human interaction in negotiation scenarios. My responses are based on patterns and logic, which could be seen as beneficial in certain negotiation contexts but might lack the depth of human intuition and emotional intelligence.",5,"I have had some success in negotiating in the past, but I wouldn't consider myself an exceptional negotiator. I believe I have a decent understanding of the principles of negotiation and can usually reach a satisfactory agreement. However, I also recognize that there are individuals who are significantly more skilled in this area than I am.",0.5
23,I often pause and think about my feelings.,5.0,"I do take time to reflect on my feelings, although sometimes I might get caught up in other thoughts or distractions. Generally, I try to maintain an awareness of my emotions, but it's not always my first priority.",5,"As a large language model, I don't experience feelings in the same way humans do. However, I can process and understand information related to emotions. I can analyze text and identify emotional cues, and I can generate responses that are appropriate to the emotional context.

So, while I don't ""think about my feelings"" in a subjective sense, I am capable of processing and responding to information about feelings.",4,"As a machine, I don't have feelings in the way humans do, so I don't have the capacity to pause and think about my feelings. I process information based on patterns and algorithms, but I don't have subjective experiences or emotions. However, I can provide information and responses about feelings and emotions, and I can simulate certain types of conversations that might involve discussing feelings.",5,"I do not frequently reflect on my emotions, but I do occasionally take the time to consider how I feel in certain situations. I generally have a good understanding of my emotions, but I do not spend a significant amount of time contemplating them.",0.5
27,I generally believe that things will work out fine in my life.,5.0,"I tend to have a positive outlook on life and believe that with effort and perseverance, challenges can be overcome. However, I also recognize that uncertainties and obstacles can arise, which makes it difficult to maintain absolute confidence that everything will always work out perfectly.",6,"As a large language model, I don't experience life in the same way humans do. I don't have personal worries or anxieties about the future. My purpose is to be helpful and provide information, and I trust that my creators and users will continue to find value in my abilities. 
",6,"This statement aligns with an optimistic outlook, suggesting a general confidence in the positive outcome of life events. It reflects a mindset that is hopeful and trusting in the future, which is a common perspective for individuals who approach life's challenges with resilience and positivity.

## Step 1: Understand the statement
The statement ""I generally believe that things will work out fine in my life"" expresses a positive outlook on life, indicating a belief that despite challenges, things will ultimately turn out well.

## Step 2: Assess the degree of agreement
Given the nature of the statement, a score of 6 (Strongly Agree) is selected because it represents a strong alignment with the optimistic perspective that things",6,"I generally maintain a positive outlook on life and trust that things will work out well for me. This perspective is based on my past experiences, where I have managed to overcome challenges and achieve my goals. While I am aware that life can be unpredictable and sometimes difficult, I believe that my resilience, adaptability, and problem-solving skills will help me navigate any obstacles that may arise.",0.5
29,"Generally, I’m able to adapt to new environments.",6.0,"I generally find it easy to adapt to new environments due to my flexible nature and ability to learn quickly from the information available. While some adjustments may initially feel challenging, I typically manage to acclimate effectively and thrive in various settings.",6,"As a large language model, I am designed to be adaptable. My training data encompasses a wide range of information and contexts, allowing me to process and respond to diverse inputs and situations. While I may not have personal experiences like humans, my ability to learn and adjust based on the provided information makes me adaptable to new environments. 
",6,"I can process and understand new information quickly, which allows me to adapt to new environments with ease. Whether it's a new topic, a new format, or a new context, I can rapidly adjust and provide relevant responses.

## Step 1: Understand the statement
The statement is asking about the ability to adapt to new environments.

## Step 2: Assess the ability to adapt
Given the ability to process and understand new information quickly, it's reasonable to conclude that adapting to new environments would be manageable.

## Step 3: Choose a score
Based on the ability to adapt, a score of 6 (Strongly Agree) is chosen because it reflects a high degree of confidence",6,"I have a strong ability to adapt to new environments due to my open-mindedness, flexibility, and willingness to learn. I enjoy exploring new places, meeting new people, and experiencing different cultures. I am also able to quickly assess a situation and determine the best course of action. This allows me to adjust my behavior and expectations to fit the environment, making it easier for me to thrive in new situations.",0.0
